samplename,description,barcode,barcode_id,sort_date,starting_material,insert_size,compartment,half_amplified
BC5,BC5_run2,ACCTCA,BC5,Feb15,100,335,growthcone,yes
GC_Feb15_ACCTCA,BC5_run1,ACCTCA,BC5,Feb15,100,335,growthcone,yes
BC6,BC6_run2,GTGCTT,BC6,Jun15,100,NA,growthcone,yes
GC_June_15_Split_GTGCTT,BC6_run1,GTGCTT,BC6,Jun15,100,NA,growthcone,yes
BC7,BC7_run2,AAGCCT,BC7,Jun15,100,345,growthcone,no
GC_June_15_Full_AAGCCT,BC7_run1,AAGCCT,BC7,Jun15,100,345,growthcone,no
BC8,BC8_run2,GTCGTA,BC8,Jun15,100,350,soma,no
Soma_June_15_GTCGTA,BC8_run1,GTCGTA,BC8,Jun15,100,350,soma,no
BC9,BC9_run2,AAGAGG,BC9,Oct14,50,NA,growthcone,no
GC_50pg_AAGAGG,BC9_run1,AAGAGG,BC9,Oct14,50,NA,growthcone,no
BC10,BC10_run2,GGAGAA,BC10,Oct14,100,350,growthcone,no
GC_100pg_GGAGAA,BC10_run1,GGAGAA,BC10,Oct14,100,350,growthcone,no
BC11,BC11_run2,AGCATG,BC11,Oct14,50,325,soma,no
Soma_50pg_AGCATG,BC11_run1,AGCATG,BC11,Oct14,50,325,soma,no
BC12,BC12_run2,GAGTCA,BC12,Oct14,100,325,soma,no
Soma_100pg_GAGTCA,BC12_run1,GAGTCA,BC12,Oct14,100,325,soma,no
BC14,BC14_run2,TCAGAG,BC14,Feb15,100,NA,growthcone,no
GC_100_TCAGAG,BC14_run1,TCAGAG,BC14,Feb15,100,NA,growthcone,no
BC15,BC15_run2,CACAGT,BC15,Feb15,50,NA,soma,no
Soma_50_CACAGT,BC15_run1,CACAGT,BC15,Feb15,50,NA,soma,no
BC16,BC16_run2,TTGGCA,BC16,Feb15,100,300,soma,no
Soma_100_TTGGCA,BC16_run1,TTGGCA,BC16,Feb15,100,300,soma,no
BC5_ACCTCA,BC5_run3,ACCTCA,BC5,Feb15,100,335,growthcone,yes
BC6_GTGCTT,BC6_run3,GTGCTT,BC6,Jun15,100,NA,growthcone,yes
BC7_AAGCCT,BC7_run3,AAGCCT,BC7,Jun15,100,345,growthcone,no
BC8_GTCGTA,BC8_run3,GTCGTA,BC8,Jun15,100,350,soma,no
BC9_AAGAGG,BC9_run3,AAGAGG,BC9,Oct14,50,NA,growthcone,no
BC10_GGAGAA,BC10_run3,GGAGAA,BC10,Oct14,100,350,growthcone,no
BC11_AGCATG,BC11_run3,AGCATG,BC11,Oct14,50,325,soma,no
BC12_GAGTCA,BC12_run3,GAGTCA,BC12,Oct14,100,325,soma,no
BC14_TCAGAG,BC14_run3,TCAGAG,BC14,Feb15,100,NA,growthcone,no
BC15_CACAGT,BC15_run3,CACAGT,BC15,Feb15,50,NA,soma,no
BC16_TTGGCA,BC16_run3,TTGGCA,BC16,Feb15,100,300,soma,no
